Accession,Name,Symbol,Gene Symbol,Entrez,Matrix,IMS,Acetylated Residues,DKO_TACvsDFC_TAC_FC,DKO_ShamvsDFC_Sham_FC
Q8QZT1,"Acetyl-CoA acetyltransferase, mitochondrial",Acat1,Acat1,110446,True,False,K265,160.6423228371406,94.12917041134541
Q99N15,17beta-hydroxysteroid dehydrogenase type 10/short chain L-3-hydroxyacyl-CoA dehydrogenase,Hsd17b10,Hsd17b10,15108,True,False,K104,139.8225138359014,145.3210515543596
P97807-2,"Isoform Cytoplasmic of Fumarate hydratase, mitochondrial",Fh,Fh1,14194,True,False,K427,128.9705484824666,17.07984107219903
D3Z7X0,"Acyl-Coenzyme A dehydrogenase family, member 12",Acad12,Acad12,338350,False,False,K542,128.4443516617713,511.3053279417776
Q8BMS1,"Trifunctional enzyme subunit alpha, mitochondrial",Hadha,Hadha,97212,True,False,K406,118.66604159831672,77.7184620234332
Q3ULD5,"Methylcrotonoyl-CoA carboxylase beta chain, mitochondrial",Mccc2,Mccc2,78038,False,False,K70,107.0578617908577,53.50357536403401
Q99LC5,"Electron transfer flavoprotein subunit alpha, mitochondrial",Etfa,Etfa,110842,True,False,K331,93.57663004483699,143.4286836268448
P97450,"ATP synthase-coupling factor 6, mitochondrial",Atp5j,Atp5j,11957,False,True,K94,83.36538307175397,83.50734554812607
Q99KR7,"Peptidyl-prolyl cis-trans isomerase F, mitochondrial",Ppif,Ppif,105675,True,False,K189,66.52106438768712,137.2741932936283
P03930,ATP synthase protein 8,Mtatp8,ATP8,17706,False,False,K46,60.05272665074816,48.93859237568899
Q8BMS1,"Trifunctional enzyme subunit alpha, mitochondrial",Hadha,Hadha,97212,True,False,K259,52.90724160496864,42.80029341248476
Q8BH95,"Enoyl-CoA hydratase, mitochondrial",Echs1,Echs1,93747,True,False,K282,51.8359665180444,35.0223404919868
Q9DCM2,Glutathione S-transferase kappa 1,Gstk1,Gstk1,76263,False,False,K93,48.85591390235724,24.57676758411321
Q9DCT2,"NADH dehydrogenase [ubiquinone] iron-sulfur protein 3, mitochondrial",Ndufs3,Ndufs3,68349,True,False,K42,48.51979331159787,14.550915200839784
Q8BMS1,"Trifunctional enzyme subunit alpha, mitochondrial",Hadha,Hadha,97212,True,False,K411; K413,47.814431479189395,59.6026516254506
P97450,"ATP synthase-coupling factor 6, mitochondrial",Atp5j,Atp5j,11957,False,True,K79,47.18457014213612,14.865695256780723
Q99KR7,"Peptidyl-prolyl cis-trans isomerase F, mitochondrial",Ppif,Ppif,105675,True,False,K181,46.39531704217733,39.05134607110269
Q99KI0,"Aconitate hydratase, mitochondrial",Aco2,Aco2,11429,True,False,K461,44.45678019561499,26.506585498815046
Q61425,"Hydroxyacyl-coenzyme A dehydrogenase, mitochondrial",Hadh,Hadh,15107,True,False,K312,40.52403685782208,111.36001463298275
Q91V16,Electron transfer flavoprotein regulatory factor 1,Etfrf1,Lyrm5; Etfrf1,67636,False,False,K40,39.726933976512,15.24035199854426
Q80XN0,"D-beta-hydroxybutyrate dehydrogenase, mitochondrial",Bdh1,Bdh1,71911,True,False,K103,39.30540797874903,6.786919586762714
Q9D0K2,"Succinyl-CoA:3-ketoacid coenzyme A transferase 1, mitochondrial",Oxct1,Oxct1,67041,True,False,K291,38.89674096708539,30.56786287267801
Q61425,"Hydroxyacyl-coenzyme A dehydrogenase, mitochondrial",Hadh,Hadh,15107,True,False,K75,36.885228420547,12.156976858179469
Q99MN9,"Propionyl-CoA carboxylase beta chain, mitochondrial",Pccb,Pccb,66904,False,False,K101,35.92138496197009,30.266996631374138
Q8BMS1,"Trifunctional enzyme subunit alpha, mitochondrial",Hadha,Hadha,97212,True,False,K259,35.050726327199875,40.91883873920492
